fpr,tpr,thresholds
0.0,0.0,inf
0.0,0.00018426386585590566,0.9938773724154882
0.0,0.000552791597567717,0.9936521743508937
0.0,0.001105583195135434,0.9935350642948328
0.0,0.007739082365948038,0.993501764545133
0.0,0.007923346231803944,0.9933818980835769
0.0,0.01658374792703151,0.9933050633926116
0.0,0.017320803390455133,0.9932635972617463
0.0,0.019531969780726,0.9931815934826616
0.0,0.04274921687857011,0.9931464856259719
0.0,0.04311774461028192,0.9930601275718257
0.0,0.04496038326884098,0.9930597371632424
0.0,0.04514464713469689,0.9930339290894826
0.0,0.04919845218352681,0.9930201117306235
0.0,0.05011977151280634,0.9929553665142382
0.0,0.05048829924451815,0.9929042822472888
0.0,0.05269946563478902,0.9928953901067277
0.0,0.05306799336650083,0.9928914363611013
0.0,0.0554634236226276,0.9928501543042758
0.0,0.07407407407407407,0.9927885658839812
0.0,0.07425833793992997,0.9927734747919358
0.0,0.0748111295374977,0.9927613497107722
0.0,0.07517965726920951,0.9927231331059301
0.0,0.07831214298875991,0.9926808808548043
0.0,0.07849640685461581,0.9926165022746035
0.0,0.12935323383084577,0.99257043769771
0.0,0.12953749769670167,0.992508941775924
0.0,0.130827344757693,0.9924579670457062
0.0,0.2470978441127695,0.9923945926523919
0.0,0.2476506357103372,0.99234522088655
0.0,0.2505988575640317,0.9923316524720612
0.0,0.25096738529574353,0.9923193670858957
0.0,0.25115164916159943,0.9923080344402139
0.0,0.2531785516860144,0.9922299173195097
0.0,0.2542841348811498,0.9921260280265637
0.0,0.25502119034457343,0.9921137891250529
0.0,0.2566795651372766,0.99209981375397
0.0,0.2576008844665561,0.9920913287899894
0.0,0.261654689515386,0.992046077323422
0.0,0.2618389533812419,0.9920425272620164
0.0,0.2627602727105215,0.9919792157280825
0.0,0.26515570296664825,0.9919272238926575
0.0,0.2677353970886309,0.9919129205991799
0.0,0.26884098028376635,0.991904236546052
0.0,0.26902524414962226,0.9918911304169147
0.0,0.26957803574718997,0.9917894932202822
0.0,0.2697622996130459,0.9917653079306696
0.0,0.2704993550764695,0.9917418011495306
0.0,0.271420674405749,0.9916999288048578
0.0,0.2743688962594435,0.991699341786241
0.0,0.27492168785701127,0.9916876898443424
0.0,0.27510595172286717,0.9916686385604234
0.0,0.2756587433204349,0.9916543038304454
0.0,0.2758430071862908,0.9916123526842893
0.0,0.2763957987838585,0.9915637056301122
0.0,0.2767643265155703,0.991554649776362
0.0,0.27731711811313803,0.9914997441467677
0.0,0.2843191450156624,0.9914911307732562
0.0,0.28505620047908603,0.9914824355742562
0.0,0.28524046434494194,0.9914718597930887
0.0,0.28579325594250965,0.9914491556308793
0.0,0.28745163073521285,0.9914485510293843
0.0,0.28782015846692466,0.9913642402667786
0.0,0.2883729500644924,0.9913549721657485
0.0,0.2885572139303483,0.9913301645463248
0.0,0.2889257416620601,0.9913070646765616
0.0,0.2894785332596278,0.9912810655808595
0.0,0.2903998525889073,0.99124700578789
0.0,0.2922424912474664,0.991246387019256
0.0,0.30016583747927034,0.9912341048682117
0.0,0.3069836005159388,0.9912246983390756
0.0,0.3071678643817947,0.9912234372113965
0.0,0.30790491984521834,0.9912226194110422
0.0,0.30901050304035377,0.9911498804200412
0.0,0.3097475585037774,0.9911363003583376
0.0,0.3099318223696333,0.9911206022086317
0.0,0.3110374055647688,0.9911015858214405
0.0,0.3112216694306247,0.9910852911620005
0.0,0.3287267366869357,0.9910269170395453
0.0,0.33720287451630737,0.991017290195549
0.0,0.337939929979731,0.991015999530718
0.0,0.3425465266261286,0.9910151625765212
0.0,0.34365210982126404,0.9910027612244475
0.0,0.34383637368711994,0.9909870246662831
0.0,0.34420490141883175,0.9909687475785713
0.0,0.3449419568822554,0.9909644240594606
0.0,0.3451262207481113,0.9909510319325588
0.0,0.3454947484798231,0.9909309082014744
0.0,0.3460475400773908,0.9908686548662449
0.0,0.3466003316749585,0.9908329017952437
0.0,0.3469688594066703,0.9907920735677223
0.0,0.35655058043117743,0.9907901562375531
0.0,0.35710337202874515,0.9907814027515387
0.0,0.35728763589460105,0.9907554682343955
0.0,0.3596830661507278,0.9907447553935488
0.0,0.3611571770775751,0.9907402312576057
0.0,0.3615257048092869,0.9906672245203089
0.0,0.36189423254099873,0.9906529108318641
0.0,0.3642896627971255,0.990631132959643
0.0,0.3653952459922609,0.9906163210316057
0.0,0.3655795098581168,0.9906077733817578
0.0,0.36613230145568454,0.9905910703736396
0.0,0.36650082918739635,0.9905636168652335
0.0,0.37258153676064126,0.9905497183106058
0.0003112356053532524,0.37921503593145384,0.9905261120058406
0.0003112356053532524,0.37958356366316565,0.9905252298497964
0.0003112356053532524,0.38953381241938456,0.990512158740573
0.0003112356053532524,0.3900866040169523,0.9904281376375084
0.0003112356053532524,0.3908236594803759,0.990421741269217
0.0003112356053532524,0.3911921872120877,0.9904076357740006
0.0003112356053532524,0.3917449788096554,0.9904061615939527
0.0003112356053532524,0.3937718813340704,0.9903993359280497
0.0003112356053532524,0.39598304772434123,0.9903688316664135
0.0003112356053532524,0.3970886309194767,0.9903606144846483
0.0003112356053532524,0.40151096370001843,0.9903483821325584
0.0003112356053532524,0.40648608807812786,0.9903265124067523
0.0003112356053532524,0.40667035194398377,0.9903166450800531
0.0003112356053532524,0.43394140409065785,0.9902880744162484
0.0003112356053532524,0.4398378477980468,0.9902760483237972
0.0003112356053532524,0.4402063755297586,0.9902625966480995
0.0003112356053532524,0.44223327805417356,0.990261730382371
0.0003112356053532524,0.4429703335175972,0.9902251625306414
0.0003112356053532524,0.4461028192371476,0.9901811072922415
0.0003112356053532524,0.45070941588354524,0.9901762984573781
0.0003112356053532524,0.45568454026165467,0.9901726133861477
0.0003112356053532524,0.4575271789202138,0.9901329866343674
0.0003112356053532524,0.46379215035931454,0.9901204683047687
0.0003112356053532524,0.46416067809102635,0.9901175040889406
0.0003112356053532524,0.46434494195688225,0.9901052504623128
0.0003112356053532524,0.4656347890178736,0.990104594809383
0.0003112356053532524,0.46784595540814444,0.9900615421795513
0.0003112356053532524,0.46803021927400035,0.9900586838064885
0.0003112356053532524,0.46839874700571216,0.9900348771032622
0.0003112356053532524,0.47742767643265155,0.990032677465239
0.0003112356053532524,0.4929058411645476,0.9900317909511751
0.0003112356053532524,0.49382716049382713,0.9899443622965989
0.0003112356053532524,0.494195688225539,0.9898849134457447
0.0003112356053532524,0.4949327436889626,0.9898841939830281
0.0003112356053532524,0.4953012714206744,0.9898772808948838
0.0003112356053532524,0.49548553528653033,0.989871654026908
0.0003112356053532524,0.49603832688409805,0.9898494740064859
0.0003112356053532524,0.49972360420121614,0.9898440164467556
0.0003112356053532524,0.5011977151280634,0.9898269244759594
0.0003112356053532524,0.5015662428597752,0.9897724266737071
0.0003112356053532524,0.5023032983231989,0.9897719887214278
0.0003112356053532524,0.5026718260549107,0.9897462295620094
0.0003112356053532524,0.5028560899207666,0.9897382089505862
0.0003112356053532524,0.5034088815183343,0.9897322091801455
0.0003112356053532524,0.5041459369817579,0.98972543914517
0.0003112356053532524,0.5045144647134697,0.9896646576396217
0.0003112356053532524,0.5058043117744611,0.9896605179241976
0.0003112356053532524,0.5083840058964437,0.9896461696637898
0.0003112356053532524,0.5085682697622996,0.98961089343044
0.0003112356053532524,0.5089367974940114,0.9895791434055137
0.0003112356053532524,0.5140961857379768,0.9895761382885978
0.0003112356053532524,0.5144647134696886,0.9895171471029034
0.0003112356053532524,0.5146489773355445,0.9894960392831993
0.0003112356053532524,0.5172286714575272,0.9894888048568466
0.0003112356053532524,0.5179657269209508,0.9894622328044481
0.0003112356053532524,0.5185185185185185,0.9894325770640241
0.0003112356053532524,0.5188870462502303,0.9894207707762259
0.0003112356053532524,0.5190713101160862,0.9893732282597104
0.0003112356053532524,0.519439837847798,0.9893577978201991
0.0003112356053532524,0.5198083655795098,0.9893456962865717
0.0003112356053532524,0.5201768933112216,0.9893105415562563
0.0003112356053532524,0.5207296849087893,0.9892407410263896
0.0009337068160597573,0.5334438916528469,0.989213621309284
0.0009337068160597573,0.5338124193845587,0.9892007470839501
0.0009337068160597573,0.5363921135065414,0.9891977560717071
0.0009337068160597573,0.5367606412382532,0.9891018932793136
0.0009337068160597573,0.537129168969965,0.9890666326655888
0.0009337068160597573,0.5374976967016768,0.9889808163385078
0.0009337068160597573,0.5378662244333886,0.988957305518947
0.0009337068160597573,0.5395245992260918,0.9889498665951231
0.0009337068160597573,0.595540814446287,0.9889429746554446
0.0009337068160597573,0.5959093421779988,0.9889243023315525
0.0009337068160597573,0.5960936060438548,0.9889029706505078
0.0009337068160597573,0.5970149253731343,0.9888814194819407
0.0009337068160597573,0.5971991892389902,0.988880489661328
0.0009337068160597573,0.5975677169707021,0.9888730451262874
0.0009337068160597573,0.5979362447024139,0.9888448763433259
0.0009337068160597573,0.5983047724341257,0.9888112254968354
0.0009337068160597573,0.5999631472268289,0.9887947750962496
0.0009337068160597573,0.6003316749585407,0.9887413719900049
0.0009337068160597573,0.6007002026902525,0.9887044141585566
0.0009337068160597573,0.6010687304219643,0.9886246189334437
0.0009337068160597573,0.601621522019532,0.9886183113082476
0.0009337068160597573,0.6019900497512438,0.9886169584745119
0.0009337068160597573,0.6027271052146674,0.9886047758167595
0.0009337068160597573,0.6058595909342178,0.9886025334176941
0.0009337068160597573,0.6062281186659296,0.9885308180573833
0.0009337068160597573,0.6097291321171918,0.9885305991858632
0.0009337068160597573,0.6100976598489036,0.9884756147811693
0.0009337068160597573,0.6102819237147595,0.9884513947817668
0.0009337068160597573,0.6148885203611572,0.9884381327964636
0.0009337068160597573,0.615257048092869,0.9883564786369199
0.0009337068160597573,0.6167311590197162,0.9883486397338953
0.0009337068160597573,0.6172839506172839,0.988336173297045
0.0009337068160597573,0.6174682144831398,0.9883299529861121
0.0009337068160597573,0.6180210060807075,0.9883174667916076
0.0009337068160597573,0.6185737976782753,0.9882826553659
0.0009337068160597573,0.6204164363368343,0.988266004456264
0.0009337068160597573,0.620969227934402,0.9881833882441446
0.0009337068160597573,0.6213377556661138,0.9881213230762187
0.0009337068160597573,0.6220748111295376,0.9881010507592243
0.0009337068160597573,0.6224433388612494,0.9880823350044896
0.0009337068160597573,0.6248387691173761,0.9880665607310806
0.0009337068160597573,0.6261286161783675,0.9880420634883548
0.0009337068160597573,0.6264971439100793,0.9880062898610008
0.0009337068160597573,0.627049935507647,0.9879679041320568
0.0009337068160597573,0.6276027271052147,0.9878906819003868
0.0009337068160597573,0.6279712548369265,0.9878488414111483
0.0009337068160597573,0.6283397825686383,0.9878251881975566
0.0009337068160597573,0.6299981573613415,0.9878207209628419
0.0009337068160597573,0.6301824212271974,0.9877816924444056
0.0009337068160597573,0.6312880044223328,0.9877775358459198
0.0009337068160597573,0.6318407960199005,0.9877307705563868
0.0009337068160597573,0.6323935876174682,0.9877237553097453
0.0009337068160597573,0.63276211534918,0.9876864559137323
0.0009337068160597573,0.6331306430808918,0.9876844766037574
0.0009337068160597573,0.6333149069467477,0.987682146572508
0.0009337068160597573,0.6349732817394509,0.9876663902532663
0.0009337068160597573,0.6357103372028745,0.9876219082259593
0.0009337068160597573,0.6360788649345863,0.9875468386977995
0.0009337068160597573,0.6368159203980099,0.9875360946824009
0.0009337068160597573,0.6371844481297217,0.987475586891365
0.0009337068160597573,0.6373687119955777,0.9874217055168001
0.0009337068160597573,0.6392113506541367,0.9873920736527461
0.0009337068160597573,0.6412382531785517,0.9873759510307234
0.0009337068160597573,0.6414225170444076,0.9873579743706522
0.0009337068160597573,0.6421595725078312,0.9872536205363229
0.0009337068160597573,0.6436336834346784,0.9872473964205386
0.0009337068160597573,0.6473189607517966,0.9872426268137623
0.0009337068160597573,0.6475032246176525,0.9871545919183253
0.0009337068160597573,0.6478717523493643,0.987150707248911
0.0009337068160597573,0.6480560162152202,0.9871040221440859
0.0009337068160597573,0.6493458632762116,0.9870603675373779
0.0012449424214130097,0.6535839321908974,0.9870590871102797
0.0012449424214130097,0.6537681960567533,0.9870250745075521
0.0012449424214130097,0.6541367237884651,0.9869472208768453
0.0012449424214130097,0.654320987654321,0.9868671342664914
0.0012449424214130097,0.6548737792518887,0.9868482861181057
0.0012449424214130097,0.6550580431177446,0.9868120376773826
0.0012449424214130097,0.6554265708494564,0.9868005169241401
0.0012449424214130097,0.65616362631288,0.9867598214846682
0.0012449424214130097,0.6596646397641422,0.9867545385405664
0.0012449424214130097,0.6598489036299982,0.9866043388384429
0.0012449424214130097,0.6607702229592777,0.9865613567249139
0.0012449424214130097,0.6613230145568454,0.9862996537460593
0.0012449424214130097,0.6639027086788281,0.9862973804319876
0.0012449424214130097,0.6644555002763958,0.986295796694819
0.0012449424214130097,0.6648240280081076,0.9862288358694613
0.0012449424214130097,0.665929611203243,0.9860921410250132
0.0012449424214130097,0.6675879859959462,0.9859217746322569
0.0012449424214130097,0.6677722498618021,0.9857056354335569
0.0012449424214130097,0.6681407775935139,0.9856683321597972
0.0012449424214130097,0.6703519439837847,0.9856516898462191
0.0012449424214130097,0.6712732633130644,0.9856462507025021
0.0012449424214130097,0.6718260549106321,0.9855955788377525
0.0012449424214130097,0.6721945826423439,0.9855283746114414
0.0012449424214130097,0.6725631103740557,0.9854342214368566
0.0012449424214130097,0.6727473742399116,0.9853377333846829
0.0012449424214130097,0.6731159019716234,0.9853089476270235
0.0012449424214130097,0.673852957435047,0.9852571028196778
0.0012449424214130097,0.6740372213009029,0.985238036747104
0.0012449424214130097,0.6747742767643266,0.9852114267000615
0.0012449424214130097,0.6755113322277502,0.9848274973613769
0.0012449424214130097,0.675879859959462,0.9847734616977156
0.0012449424214130097,0.6762483876911738,0.9847632530115742
0.0012449424214130097,0.6766169154228856,0.984746678322943
0.0012449424214130097,0.6779067624838769,0.9847304174894891
0.0012449424214130097,0.6782752902155887,0.9847254538671272
0.0012449424214130097,0.6786438179473006,0.984619716709124
0.0012449424214130097,0.6804864566058596,0.9845797037146441
0.0012449424214130097,0.6810392482034273,0.9844988009034492
0.0012449424214130097,0.6814077759351391,0.9844822799838633
0.0012449424214130097,0.6825133591302746,0.9844159729726781
0.0012449424214130097,0.6839874700571218,0.9843885707462978
0.0012449424214130097,0.6847245255205454,0.9841070781486323
0.0012449424214130097,0.6850930532522572,0.9840925562321388
0.0012449424214130097,0.6852773171181131,0.9840072301870653
0.0012449424214130097,0.6856458448498249,0.983985244825933
0.0012449424214130097,0.6863829003132486,0.9839794842488412
0.0012449424214130097,0.6873042196425281,0.9837430635171761
0.0012449424214130097,0.6880412751059517,0.9836358867865276
0.0012449424214130097,0.6882255389718076,0.9836157359980578
0.0012449424214130097,0.6885940667035194,0.9834993315500307
0.0012449424214130097,0.6891468583010871,0.9833617918296359
0.0012449424214130097,0.689331122166943,0.9833157745837081
0.0012449424214130097,0.6900681776303667,0.9832315290172065
0.0012449424214130097,0.6904367053620785,0.9831787971807602
0.0012449424214130097,0.6917265524230698,0.9831124417784339
0.0012449424214130097,0.6922793440206375,0.9829180922875747
0.0012449424214130097,0.697254468398747,0.9829131445891702
0.0012449424214130097,0.6979915238621707,0.982792269382489
0.0012449424214130097,0.6983600515938825,0.9827321828645585
0.0012449424214130097,0.6985443154597384,0.9826892914011894
0.0012449424214130097,0.7007554818500092,0.9826701175693271
0.0012449424214130097,0.701124009581721,0.9825813504170731
0.0012449424214130097,0.7018610650451447,0.982488191961139
0.0012449424214130097,0.7022295927768565,0.9823729220709477
0.0012449424214130097,0.7027823843744242,0.9823276290337996
0.0012449424214130097,0.703150912106136,0.9822364800121074
0.0012449424214130097,0.7040722314354155,0.9822327440734413
0.0012449424214130097,0.7046250230329832,0.9821903789909687
0.0012449424214130097,0.7055463423622628,0.9820030309025155
0.0012449424214130097,0.7068361894232541,0.9819745694733228
0.0012449424214130097,0.7073889810208218,0.9816400517634454
0.001556178026766262,0.7073889810208218,0.9815811921126439
0.001556178026766262,0.7075732448866777,0.9815525993122117
0.001556178026766262,0.7081260364842454,0.9814205729887646
0.001556178026766262,0.7084945642159572,0.9813343721215207
0.001556178026766262,0.7099686751428045,0.9808507893911197
0.001556178026766262,0.7136539524599226,0.9808478992855176
0.001556178026766262,0.7143910079233462,0.9807199490254976
0.001556178026766262,0.714759535655058,0.9805973405918132
0.0018674136321195146,0.7212087709600148,0.980400080535956
0.0018674136321195146,0.7219458264234384,0.9802599577860416
0.0018674136321195146,0.722682881886862,0.9799201243856053
0.0018674136321195146,0.7237884650819975,0.9799023845041913
0.002178649237472767,0.7237884650819975,0.9798528515879475
0.002178649237472767,0.7239727289478534,0.9794851639846474
0.002178649237472767,0.7243412566795652,0.9793822554761166
0.002178649237472767,0.7318960751796573,0.9792941450702312
0.002178649237472767,0.7320803390455132,0.9789544262235382
0.002178649237472767,0.7326331306430809,0.9789111327656723
0.002178649237472767,0.7403722130090289,0.9788107809288733
0.002178649237472767,0.7411092684724525,0.9787105848780082
0.002178649237472767,0.742030587801732,0.9786359593042011
0.002178649237472767,0.7422148516675879,0.9786188405981386
0.002178649237472767,0.7431361709968675,0.9784190245006774
0.002178649237472767,0.7433204348627234,0.978228791434405
0.002178649237472767,0.7436889625944352,0.9782001269269622
0.0024898848428260194,0.744241754192003,0.9780962936453068
0.0024898848428260194,0.7455316012529943,0.9773237330165196
0.0024898848428260194,0.7459001289847061,0.977239440273245
0.0024898848428260194,0.7466371844481298,0.9772271796746763
0.0024898848428260194,0.7468214483139857,0.9772149310878255
0.0028011204481792717,0.7475585037774093,0.9771570416731716
0.0028011204481792717,0.7479270315091211,0.9770850837026093
0.0028011204481792717,0.7486640869725447,0.9769954121372411
0.0028011204481792717,0.750138197899392,0.9769316795798687
0.0028011204481792717,0.7512437810945274,0.9766841847336744
0.0028011204481792717,0.7517965726920951,0.9764705428337018
0.0028011204481792717,0.7525336281555187,0.9764596755731622
0.0028011204481792717,0.7560346416067809,0.9763944946568575
0.0028011204481792717,0.7564031693384927,0.9760781163654723
0.0028011204481792717,0.75787728026534,0.9759228842139247
0.0028011204481792717,0.7580615441311959,0.9758194242914048
0.0028011204481792717,0.7586143357287636,0.9757700925530631
0.0028011204481792717,0.7595356550580431,0.9750931646046632
0.0028011204481792717,0.7599041827897549,0.9750673050110144
0.0028011204481792717,0.7602727105214667,0.9749491303107181
0.0028011204481792717,0.7606412382531785,0.9748449002949867
0.0028011204481792717,0.7611940298507462,0.9747049025758323
0.0028011204481792717,0.7622996130458817,0.9745708732001443
0.0028011204481792717,0.7641422517044407,0.9745638930237853
0.0028011204481792717,0.7643265155702966,0.9745211760978301
0.0028011204481792717,0.7646950433020084,0.9744878387352396
0.0028011204481792717,0.7652478348995762,0.9743526065045756
0.0028011204481792717,0.7659848903629998,0.9742781950414443
0.0028011204481792717,0.7665376819605675,0.9742663515445313
0.003112356053532524,0.7667219458264234,0.9741399378978226
0.003112356053532524,0.7672747374239911,0.9740743585112477
0.0034235916588857764,0.7720655979362447,0.9739801771277399
0.0034235916588857764,0.7722498618021006,0.9739781552723776
0.003734827264239029,0.7748295559240833,0.9739730391382829
0.003734827264239029,0.775382347521651,0.9739386304622595
0.003734827264239029,0.7757508752533628,0.9737569768179566
0.003734827264239029,0.7799889441680486,0.973668772825064
0.003734827264239029,0.7801732080339046,0.9735404471412618
0.003734827264239029,0.7807259996314723,0.9735015280074484
0.003734827264239029,0.7809102634973282,0.9733057421935368
0.003734827264239029,0.7827529021558872,0.9732978346555906
0.003734827264239029,0.783121429887599,0.9729728111593546
0.003734827264239029,0.7836742214851667,0.9728593660033628
0.003734827264239029,0.7840427492168786,0.9727551164770302
0.003734827264239029,0.7844112769485904,0.9726765905932644
0.003734827264239029,0.7858853878754376,0.9726214585948487
0.003734827264239029,0.7860696517412935,0.9725408886878212
0.003734827264239029,0.7880965542657085,0.9725146213957213
0.003734827264239029,0.7884650819974203,0.9724606206385893
0.003734827264239029,0.7886493458632762,0.9724233782889664
0.003734827264239029,0.7892021374608439,0.9722300459878424
0.003734827264239029,0.7893864013266998,0.9720138267737809
0.003734827264239029,0.7903077206559793,0.9720097873296575
0.003734827264239029,0.7910447761194029,0.9719867809760135
0.003734827264239029,0.7912290399852588,0.9719245683122678
0.003734827264239029,0.7993366500829188,0.9718775387328953
0.003734827264239029,0.7997051778146306,0.9718026772625123
0.003734827264239029,0.7998894416804865,0.9717628894913488
0.003734827264239029,0.8002579694121983,0.9717394911590339
0.003734827264239029,0.8004422332780542,0.9716832370347223
0.003734827264239029,0.8013635526073337,0.9716805761245416
0.003734827264239029,0.8015478164731896,0.971677617761612
0.003734827264239029,0.8019163442049014,0.9715494907080385
0.003734827264239029,0.8022848719366132,0.9714986966591956
0.003734827264239029,0.802653399668325,0.9713982371130794
0.003734827264239029,0.8043117744610282,0.971365477990005
0.003734827264239029,0.8057858853878754,0.9713613477222656
0.003734827264239029,0.8091026349732817,0.9711495820194088
0.003734827264239029,0.8096554265708494,0.9711089000966954
0.003734827264239029,0.8107610097659849,0.9710274578403125
0.003734827264239029,0.8111295374976967,0.9707826795557023
0.0040460628695922814,0.8111295374976967,0.970747160357894
0.0040460628695922814,0.8114980652294085,0.9706588942641965
0.0040460628695922814,0.8122351206928321,0.9706204332006585
0.0040460628695922814,0.812419384558688,0.9706003121931848
0.0040460628695922814,0.8177630366685094,0.9704357695947227
0.0040460628695922814,0.8179473005343653,0.9703271669066412
0.0040460628695922814,0.8186843559977889,0.9702965106019105
0.0040460628695922814,0.8190528837295007,0.9700470272844997
0.004357298474945534,0.8201584669246361,0.9699903386200824
0.004357298474945534,0.820342730790492,0.9699602307258365
0.004357298474945534,0.8210797862539156,0.9697917651254526
0.004357298474945534,0.8214483139856275,0.969643798703466
0.004357298474945534,0.824212271973466,0.9696409641059874
0.004357298474945534,0.8258706467661692,0.9696096210590591
0.004357298474945534,0.826239174497881,0.9696049265211435
0.004357298474945534,0.8264234383637369,0.9695797959966157
0.004357298474945534,0.8273447576930164,0.9695430484698825
0.004357298474945534,0.8277132854247282,0.9694866874267887
0.004357298474945534,0.82808181315644,0.9693704098957593
0.004357298474945534,0.8284503408881518,0.9693545506848902
0.004357298474945534,0.8286346047540077,0.9692658110709899
0.004357298474945534,0.8299244518149991,0.9692150786540638
0.004357298474945534,0.8313985627418463,0.9690935751941591
0.004357298474945534,0.8315828266077022,0.9690115391608214
0.004668534080298786,0.831951354339414,0.968877738795704
0.004668534080298786,0.8321356182052699,0.9688251268681931
0.004668534080298786,0.8332412014004054,0.9687816733471147
0.004668534080298786,0.8336097291321172,0.9687032252347993
0.004979769685652039,0.8336097291321172,0.9686047619923166
0.004979769685652039,0.8337939929979731,0.968447586138177
0.004979769685652039,0.8347153123272526,0.9682959057320387
0.004979769685652039,0.8361894232540998,0.9682273314372449
0.004979769685652039,0.8365579509858116,0.9681053302135919
0.004979769685652039,0.8568269762299613,0.9680648121578361
0.004979769685652039,0.8575640316933849,0.9680141304294378
0.004979769685652039,0.8586696148885203,0.9679762199649207
0.004979769685652039,0.8590381426202321,0.9678445920789192
0.004979769685652039,0.859222406486088,0.9677579221352683
0.004979769685652039,0.8599594619495117,0.9674941953821332
0.004979769685652039,0.8608807812787912,0.9674809797446442
0.004979769685652039,0.8614335728763589,0.967194884650451
0.004979769685652039,0.8618021006080707,0.9671548610969061
0.004979769685652039,0.863276211534918,0.9671029245972689
0.004979769685652039,0.8636447392666298,0.9669929107224481
0.004979769685652039,0.8643817947300534,0.9668998404870673
0.004979769685652039,0.8647503224617652,0.9667244571426153
0.005291005291005291,0.8649345863276211,0.966697907302667
0.005291005291005291,0.8653031140593329,0.9665021156507773
0.0056022408963585435,0.8656716417910447,0.9664465783193538
0.0056022408963585435,0.8662244333886125,0.9663195380250938
0.0056022408963585435,0.8667772249861803,0.96623228450614
0.0056022408963585435,0.8671457527178921,0.9659402928824503
0.006224712107065048,0.8684355997788834,0.9659307224444856
0.006224712107065048,0.8688041275105952,0.9659060182401399
0.006224712107065048,0.869172655242307,0.9657020523193136
0.006224712107065048,0.8697254468398747,0.9655830182852596
0.006224712107065048,0.8702782384374425,0.9653613718694434
0.006224712107065048,0.871199557766722,0.9653328582354227
0.006224712107065048,0.8719366132301456,0.965319011899226
0.006224712107065048,0.873042196425281,0.9650949960442722
0.006224712107065048,0.876911737608255,0.964917035212659
0.006224712107065048,0.8772802653399668,0.9647009019862964
0.006224712107065048,0.8776487930716786,0.9646907402892346
0.006224712107065048,0.8798599594619495,0.9645645257045494
0.006224712107065048,0.8802284871936613,0.9643210578034566
0.006224712107065048,0.8805970149253731,0.9642922486858211
0.006535947712418301,0.8805970149253731,0.9642395302521357
0.006535947712418301,0.880781278791229,0.9639321498412168
0.006535947712418301,0.8811498065229408,0.9638638757649466
0.006535947712418301,0.8813340703887967,0.9637570172485737
0.006535947712418301,0.8818868619863645,0.9636476591870377
0.006535947712418301,0.8824396535839322,0.9635011845085315
0.006535947712418301,0.8829924451814999,0.962956679645485
0.006535947712418301,0.8831767090473558,0.9626479175404798
0.006535947712418301,0.8835452367790676,0.9626167074892336
0.006535947712418301,0.8844665561083471,0.9625911991906223
0.006535947712418301,0.884650819974203,0.962465808271434
0.006535947712418301,0.8852036115717707,0.9623201416790926
0.006535947712418301,0.8853878754376266,0.9622764518726548
0.006535947712418301,0.8857564031693385,0.9621693532334672
0.006535947712418301,0.888520361157177,0.9619263897354999
0.006847183317771553,0.8888888888888888,0.9618708655134303
0.006847183317771553,0.8890731527547447,0.961683800975821
0.006847183317771553,0.8898102082181684,0.9616354484753502
0.006847183317771553,0.8901787359498802,0.9612302119070211
0.006847183317771553,0.8929426939377189,0.9610856026528785
0.006847183317771553,0.8931269578035748,0.9610799075373905
0.006847183317771553,0.8940482771328543,0.960996966032334
0.006847183317771553,0.8949695964621338,0.9605532294642602
0.006847183317771553,0.8953381241938456,0.9604878125866106
0.006847183317771553,0.8968122351206929,0.960188630043267
0.006847183317771553,0.8971807628524047,0.9595550184494662
0.0071584189231248055,0.8971807628524047,0.9588310463787633
0.0071584189231248055,0.8973650267182606,0.9587778199005287
0.0071584189231248055,0.900497512437811,0.9586303238480254
0.0071584189231248055,0.9006817763036669,0.9585856356708843
0.00778089013383131,0.9014188317670905,0.9578905259687738
0.00778089013383131,0.9016030956329464,0.9578815163130133
0.00778089013383131,0.9019716233646582,0.9577800487995844
0.00778089013383131,0.9025244149622259,0.957143584118564
0.00778089013383131,0.9030772065597936,0.9570206885064736
0.008092125739184563,0.904367053620785,0.9568165993213618
0.008714596949891068,0.9045513174866409,0.9567153015488393
0.008714596949891068,0.9052883729500645,0.9565055906934451
0.008714596949891068,0.9060254284134881,0.9532744738750298
0.00902583255524432,0.9060254284134881,0.953188495576481
0.00902583255524432,0.9063939561451999,0.9523341842970877
0.009337068160597572,0.9091579141330385,0.9522746187284955
0.009648303765950824,0.9095264418647503,0.9520988982012316
0.009648303765950824,0.9097107057306062,0.9519509164367932
0.009648303765950824,0.9110005527915975,0.9512946743253249
0.009648303765950824,0.9113690805233093,0.9508612720502745
0.009648303765950824,0.9126589275843007,0.947088155145202
0.009648303765950824,0.9192924267551134,0.9465851112013309
0.009648303765950824,0.9196609544868252,0.9416575062147695
0.01027077497665733,0.9196609544868252,0.9399495698762758
0.01027077497665733,0.9207665376819606,0.7859656446389629
0.01027077497665733,0.9211350654136724,0.7765782277988003
0.01027077497665733,0.9213193292795283,0.7754175809658944
0.010582010582010581,0.9213193292795283,0.7724621345026768
0.010582010582010581,0.9250046065966464,0.7073668548098304
0.010582010582010581,0.9253731343283582,0.7057449886395254
0.010582010582010581,0.9255573981942141,0.6975339784973986
0.010582010582010581,0.9262944536576377,0.6928512499666327
0.010582010582010581,0.927768564584485,0.6467754630275616
0.010582010582010581,0.9281370923161968,0.6442122579267778
0.010582010582010581,0.9286898839137645,0.6237795046874638
0.010582010582010581,0.9292426755113322,0.6213384828410169
0.010582010582010581,0.9301639948406117,0.6086296171044273
0.010582010582010581,0.9305325225723236,0.6086073061158258
0.010582010582010581,0.9307167864381795,0.5933127855309026
0.010582010582010581,0.9310853141698913,0.5933015910428054
0.010582010582010581,0.9312695780357472,0.5928802926034569
0.011204481792717087,0.9312695780357472,0.5926748569165348
0.011204481792717087,0.9314538419016031,0.5896018642264723
0.011204481792717087,0.9321908973650267,0.5880493829369583
0.011204481792717087,0.9325594250967385,0.5853243631601247
0.011515717398070339,0.9325594250967385,0.5846844977485905
0.011515717398070339,0.9331122166943062,0.5741164303462674
0.011826953003423592,0.9331122166943062,0.5705924346789787
0.011826953003423592,0.9338492721577298,0.5678764459546471
0.011826953003423592,0.9342177998894416,0.5662391580215498
0.011826953003423592,0.9347705914870094,0.5630530873290753
0.011826953003423592,0.9351391192187212,0.5629537083159907
0.011826953003423592,0.9353233830845771,0.5585663166927844
0.012138188608776844,0.9353233830845771,0.5568905978778718
0.012138188608776844,0.9356919108162889,0.5471386596375142
0.012760659819483348,0.9356919108162889,0.5460227504019386
0.012760659819483348,0.9360604385480007,0.5454898409863839
0.013071895424836602,0.9362447024138566,0.5430178938029857
0.013071895424836602,0.9367974940114243,0.5376034989353378
0.013694366635543105,0.9367974940114243,0.5371634163196185
0.013694366635543105,0.9369817578772802,0.5322989083748385
0.013694366635543105,0.937350285608992,0.5287527290538395
0.013694366635543105,0.9377188133407038,0.527420283831383
0.014005602240896359,0.9377188133407038,0.5268245997753633
0.014005602240896359,0.9379030772065597,0.5261969266005169
0.014005602240896359,0.9382716049382716,0.5245852622015097
0.014005602240896359,0.9384558688041275,0.5228760748531449
0.014316837846249611,0.9384558688041275,0.5220504590331463
0.014316837846249611,0.9391929242675512,0.5196345374140408
0.014628073451602863,0.9391929242675512,0.5195277843286285
0.014628073451602863,0.9397457158651189,0.5170609887165369
0.014939309056956116,0.9397457158651189,0.5126039151621504
0.014939309056956116,0.9404827713285425,0.5097267624560807
0.014939309056956116,0.9410355629261102,0.5085843044024286
0.014939309056956116,0.9412198267919661,0.5068913599858865
0.01556178026766262,0.9412198267919661,0.5053254773859456
0.01556178026766262,0.941588354523678,0.5024142709088101
0.016184251478369126,0.941588354523678,0.49765708130108577
0.016184251478369126,0.9417726183895339,0.4970086724268694
0.01680672268907563,0.9419568822553898,0.49652191654774147
0.01680672268907563,0.9439837847798047,0.4789103124038526
0.017117958294428883,0.9439837847798047,0.4778765630374778
0.017740429505135387,0.9439837847798047,0.4764716370179705
0.017740429505135387,0.9445365763773724,0.47639783901300026
0.017740429505135387,0.9449051041090842,0.47189071000064825
0.01805166511048864,0.9449051041090842,0.4709546517596907
0.01805166511048864,0.945273631840796,0.4666768844645992
0.018985371926548398,0.9456421595725079,0.46546171956881277
0.018985371926548398,0.9461949511700756,0.46054341674616023
0.019296607531901648,0.9461949511700756,0.4589149916600761
0.019296607531901648,0.947300534365211,0.44759252999659305
0.020230314347961405,0.947300534365211,0.4462475596331987
0.020230314347961405,0.9480375898286346,0.44299601333174815
0.02054154995331466,0.9482218536944905,0.44252723895602364
0.02054154995331466,0.9485903814262023,0.4421955172554801
0.02054154995331466,0.9487746452920582,0.4420811754297634
0.020852785558667913,0.9487746452920582,0.4413241314400885
0.020852785558667913,0.9489589091579141,0.43679577366997285
0.020852785558667913,0.949327436889626,0.4363900212692216
0.021164021164021163,0.949327436889626,0.43597524184229675
0.021164021164021163,0.9495117007554819,0.4358199205045165
0.021475256769374416,0.9495117007554819,0.43520172677019414
0.021475256769374416,0.9500644923530496,0.42980739503506216
0.02178649237472767,0.9500644923530496,0.42924598194980396
0.02178649237472767,0.9513543394140409,0.4256279406003884
0.02178649237472767,0.9520913948774645,0.4236611054739554
0.02209772798008092,0.9520913948774645,0.42202578918209405
0.022720199190787427,0.9524599226091763,0.4219619793137243
0.022720199190787427,0.9526441864750322,0.4212709001058288
0.022720199190787427,0.953012714206744,0.41992115383856277
0.023031434796140678,0.953012714206744,0.41829927563982633
0.023031434796140678,0.9533812419384559,0.4169841125452386
0.02334267040149393,0.9533812419384559,0.4162239079451707
0.02334267040149393,0.9535655058043118,0.4141946231338427
0.02334267040149393,0.9539340335360236,0.4136622090348439
0.02334267040149393,0.9544868251335913,0.4111919161341318
0.023653906006847185,0.9544868251335913,0.4106459489313857
0.023653906006847185,0.9548553528653031,0.4080654046923182
0.023965141612200435,0.9548553528653031,0.40777904380688823
0.023965141612200435,0.955039616731159,0.4065645211224875
0.024587612822906942,0.955039616731159,0.4055874943269156
0.025521319638966696,0.955039616731159,0.40524028490855774
0.026143790849673203,0.955039616731159,0.4021994353220907
0.026766262060379707,0.955039616731159,0.3995724190215
0.026766262060379707,0.9552238805970149,0.3992481022930273
0.028011204481792718,0.9552238805970149,0.39245046655769844
0.028633675692499222,0.9552238805970149,0.3913553644274767
0.028633675692499222,0.9555924083287267,0.3907936018453033
0.029256146903205726,0.9555924083287267,0.389797655013349
0.029256146903205726,0.9557766721945826,0.38862198295626954
0.030189853719265483,0.9557766721945826,0.38697519287336996
0.03081232492997199,0.9557766721945826,0.3836438688350692
0.03081232492997199,0.9559609360604385,0.3826758027080603
0.03112356053532524,0.9561451999262944,0.38254261727673317
0.03112356053532524,0.9565137276580062,0.3816488951440099
0.031746031746031744,0.9565137276580062,0.38055245841833224
0.031746031746031744,0.9566979915238621,0.37850909886028417
0.032679738562091505,0.9566979915238621,0.3776902840607153
0.033302209772798005,0.9566979915238621,0.3766362188482349
0.033302209772798005,0.956882255389718,0.3760133252095254
0.03392468098350451,0.956882255389718,0.37305886253766474
0.03392468098350451,0.9574350469872858,0.37018276465082256
0.034235916588857766,0.9574350469872858,0.3694415668575659
0.034235916588857766,0.9576193108531417,0.36919297440276255
0.034858387799564274,0.9576193108531417,0.3691392059924653
0.034858387799564274,0.9579878385848535,0.36902307405806584
0.03516962340491752,0.9579878385848535,0.3689465379021341
0.03516962340491752,0.9581721024507094,0.36759139538522334
0.035480859010270774,0.9581721024507094,0.36742438123382337
0.035480859010270774,0.9583563663165653,0.3664128168593851
0.03579209461562403,0.9583563663165653,0.3663822442164397
0.03579209461562403,0.9590934217799889,0.3609569092844232
0.03610333022097728,0.9590934217799889,0.3606473511576937
0.03610333022097728,0.9598304772434125,0.3571025112835207
0.037037037037037035,0.9598304772434125,0.3538047357649703
0.037037037037037035,0.9600147411092684,0.35346916287580576
0.03765950824774354,0.9600147411092684,0.35123352960264487
0.03765950824774354,0.9605675327068361,0.3512263671944311
0.038593215063803296,0.9605675327068361,0.34741571716464487
0.038593215063803296,0.960936060438548,0.3469860481964623
0.03890445066915655,0.960936060438548,0.34633134842413293
0.03890445066915655,0.9611203243044039,0.34554329825668506
0.03952692187986306,0.9611203243044039,0.3447370978862709
0.03952692187986306,0.9620416436336834,0.33882450565305766
0.040149393090569564,0.9620416436336834,0.3385267845960306
0.04046062869592281,0.9620416436336834,0.33833367913415296
0.04108309990662932,0.9624101713653952,0.3373410351311574
0.04108309990662932,0.962778699097107,0.33561276926469125
0.041705571117335825,0.962778699097107,0.3345875049713985
0.04201680672268908,0.9629629629629629,0.33316267407852473
0.04201680672268908,0.9633314906946747,0.3325760815417537
0.04201680672268908,0.9637000184263866,0.33248620515606053
0.04263927793339558,0.9637000184263866,0.33248315894258557
0.04263927793339558,0.9644370738898103,0.3263299553422452
0.04295051353874883,0.9644370738898103,0.32627751209411365
0.04388422035480859,0.9644370738898103,0.3257983415619001
0.044506691565515094,0.9644370738898103,0.3244019396832656
0.04481792717086835,0.9646213377556662,0.3232510800579773
0.0451291627762216,0.9646213377556662,0.32240716012509
0.0451291627762216,0.9648056016215221,0.3223727951230205
0.046062869592281355,0.9648056016215221,0.31673326130989987
0.046062869592281355,0.964989865487378,0.3159273924399117
0.04637410519763461,0.964989865487378,0.31589762123345616
0.04637410519763461,0.9653583932190898,0.31457314647134094
0.04668534080298786,0.9653583932190898,0.31323346872419344
0.04668534080298786,0.9655426570849457,0.31320807944740314
0.04793028322440087,0.9655426570849457,0.31149112058092354
0.04855275443510738,0.9655426570849457,0.31129886627602144
0.04855275443510738,0.9657269209508016,0.3110141137903766
0.04886399004046063,0.9657269209508016,0.3108566305618051
0.04886399004046063,0.9659111848166575,0.3104327879094863
0.049175225645813885,0.9659111848166575,0.31030929433161375
0.049175225645813885,0.9660954486825134,0.31003281860186815
0.04948646125116713,0.9660954486825134,0.3097191433888263
0.04948646125116713,0.9662797125483693,0.30957941815333223
0.05010893246187364,0.9662797125483693,0.30800387693133485
0.05010893246187364,0.9664639764142252,0.30757235258987753
0.051353874883286646,0.9664639764142252,0.30375343541177197
0.05197634609399315,0.9664639764142252,0.3033560340799627
0.05259881730469966,0.9664639764142252,0.3023273125349173
0.05259881730469966,0.9666482402800811,0.3022923436487946
0.05291005291005291,0.9666482402800811,0.30213594161549995
0.05291005291005291,0.966832504145937,0.30140860088672694
0.053532524120759414,0.966832504145937,0.3007901479370974
0.053532524120759414,0.9670167680117929,0.30042156219458266
0.05384375972611267,0.9670167680117929,0.3004064091069745
0.05415499533146592,0.9672010318776488,0.2984918615569113
0.055088702147525676,0.9672010318776488,0.29668148267650996
0.055088702147525676,0.9673852957435047,0.2960177168763671
0.05539993775287893,0.9673852957435047,0.29599671508589037
0.056022408963585436,0.9675695596093606,0.29568819539204505
0.056022408963585436,0.9679380873410725,0.29282136934505054
0.05695611577964519,0.9679380873410725,0.29014021514007965
0.05695611577964519,0.9683066150727843,0.28952697165266694
0.057267351384998444,0.9683066150727843,0.28928278825005105
0.057267351384998444,0.9684908789386402,0.28919124901441645
0.0575785869903517,0.9684908789386402,0.28903414272372246
0.05788982259570495,0.9690436705362079,0.2884271420992173
0.05788982259570495,0.9692279344020638,0.2882963644272724
0.05851229380641145,0.9692279344020638,0.2876431511725014
0.05913476501711796,0.9694121982679197,0.2876079292560328
0.059757236227824466,0.9694121982679197,0.2863976859857417
0.059757236227824466,0.9699649898654874,0.28493374036791386
0.060379707438530966,0.9699649898654874,0.2848552430770385
0.06100217864923747,0.9699649898654874,0.2844164887248543
0.06224712107065048,0.9701492537313433,0.2843055645826472
0.06318082788671024,0.9701492537313433,0.2836727412863063
0.06349206349206349,0.9705177814630551,0.2836139904826216
0.06380329909741675,0.9705177814630551,0.2818153092246568
0.06380329909741675,0.9708863091947669,0.28098716320517875
0.06380329909741675,0.9712548369264787,0.28057125806392647
0.06411453470277,0.9712548369264787,0.2791321926292615
0.06411453470277,0.9716233646581905,0.2791013810579056
0.06411453470277,0.9718076285240465,0.27828770521062807
0.06535947712418301,0.9718076285240465,0.2757665030006366
0.06535947712418301,0.9719918923899024,0.275684256982027
0.06567071272953626,0.9721761562557583,0.275399954564012
0.06691565515094927,0.9721761562557583,0.2732943244951567
0.06753812636165578,0.9721761562557583,0.2726827410066477
0.06816059757236227,0.9721761562557583,0.2706386503518113
0.06878306878306878,0.9725446839874701,0.2698808249285595
0.06878306878306878,0.972728947853326,0.2696670170016592
0.06971677559912855,0.972728947853326,0.268428300759234
0.06971677559912855,0.9729132117191819,0.2671154395723167
0.0700280112044818,0.9729132117191819,0.2667756411866486
0.0700280112044818,0.9730974755850378,0.2666308896632241
0.0718954248366013,0.9730974755850378,0.26326296086588924
0.0718954248366013,0.9734660033167496,0.263134491993956
0.07220666044195456,0.9734660033167496,0.26293852839602616
0.07220666044195456,0.9736502671826055,0.26283799995606794
0.07251789604730781,0.9736502671826055,0.2627370781893065
0.07251789604730781,0.9738345310484614,0.26260520681085076
0.07282913165266107,0.9738345310484614,0.26236943560310416
0.07345160286336756,0.9738345310484614,0.2616246373338033
0.07407407407407407,0.9738345310484614,0.2611313030170241
0.07469654528478058,0.9738345310484614,0.2603045895927404
0.07469654528478058,0.9747558503777409,0.259957867071199
0.07531901649548708,0.9747558503777409,0.2590459152053222
0.07563025210084033,0.9753086419753086,0.2587061401201272
0.0765639589169001,0.9753086419753086,0.25767910224489754
0.07687519452225335,0.9754929058411645,0.2575667125783464
0.07718643012760659,0.9754929058411645,0.2558903071130105
0.07718643012760659,0.9756771697070205,0.25568563730145843
0.07749766573295985,0.9756771697070205,0.2551257726813181
0.07812013694366636,0.9756771697070205,0.2542117726372733
0.07936507936507936,0.9756771697070205,0.2532843118479199
0.07936507936507936,0.9760456974387323,0.25268213801484607
0.08154372860255213,0.9760456974387323,0.2502866413774017
0.08154372860255213,0.9765984890363,0.24978184588850733
0.08185496420790539,0.9769670167680118,0.24926276033505787
0.08341114223467165,0.9769670167680118,0.24627185717249292
0.08341114223467165,0.9771512806338677,0.24616181395876743
0.08403361344537816,0.9771512806338677,0.24611832416007529
0.0843448490507314,0.9771512806338677,0.24525159669192098
0.08558979147214442,0.9771512806338677,0.2448782540481725
0.08590102707749767,0.9771512806338677,0.24479297267616945
0.08590102707749767,0.9775198083655795,0.244308976047462
0.08621226268285091,0.9775198083655795,0.24401254300216887
0.08621226268285091,0.9777040722314354,0.24362408507214692
0.08652349828820417,0.9777040722314354,0.24319140570126987
0.08652349828820417,0.9778883360972913,0.24211664391604673
0.08683473389355742,0.9780725999631472,0.2407224623735295
0.08839091192032368,0.9780725999631472,0.23769412254461983
0.08839091192032368,0.9782568638290031,0.2373973630921308
0.08901338313103019,0.9782568638290031,0.23619813652108915
0.08901338313103019,0.978441127694859,0.2354550021003183
0.08932461873638345,0.9788096554265708,0.2354484159734822
0.09056956115779645,0.9789939192924267,0.23515258444801973
0.09056956115779645,0.9791781831582826,0.23506267625708724
0.0915032679738562,0.9791781831582826,0.2335183777095576
0.0915032679738562,0.9793624470241385,0.23349166188208398
0.09368191721132897,0.9793624470241385,0.2312320591548956
0.09430438842203548,0.9793624470241385,0.23122517456838207
0.09586056644880174,0.9795467108899945,0.2311718947059222
0.09648303765950825,0.9795467108899945,0.2308305597793082
0.09772798008092126,0.9795467108899945,0.23058325966899892
0.09772798008092126,0.9797309747558504,0.2304166127937661
0.09897292250233426,0.9797309747558504,0.22960259304855354
0.10021786492374728,0.9797309747558504,0.22815390838941207
0.10084033613445378,0.9797309747558504,0.22784227440477917
0.10177404295051354,0.9797309747558504,0.22761293279072128
0.10208527855586678,0.9797309747558504,0.22733625196334253
0.10301898537192655,0.9799152386217063,0.22700938197141107
0.1039526921879863,0.9799152386217063,0.22642822444420038
0.1039526921879863,0.9800995024875622,0.2262636974168425
0.10488639900404606,0.9800995024875622,0.2255370741784959
0.10488639900404606,0.9802837663534181,0.22532956611113458
0.10799875505757858,0.9802837663534181,0.22163856632861662
0.10862122626828509,0.9806522940851299,0.22135463104588673
0.11079987550575786,0.9806522940851299,0.21887083966968862
0.11142234671646437,0.9806522940851299,0.21881607263612057
0.11173358232181761,0.9806522940851299,0.21877105494638385
0.11173358232181761,0.9808365579509858,0.2180658721635377
0.11204481792717087,0.9808365579509858,0.2178128489621158
0.11204481792717087,0.9810208218168417,0.21754274349227723
0.11266728913787738,0.9810208218168417,0.2169727461343038
0.11422346716464364,0.9810208218168417,0.21674170552408856
0.11671335200746966,0.9810208218168417,0.21427142687131992
0.11733582321817616,0.9810208218168417,0.2140576200326633
0.11764705882352941,0.9812050856826976,0.21394934778450053
0.11764705882352941,0.9813893495485535,0.21382398148990134
0.11795829442888267,0.9813893495485535,0.21379190219727218
0.11858076563958916,0.9817578772802653,0.21360875907946988
0.11920323685029567,0.9817578772802653,0.212488097253741
0.11982570806100218,0.9817578772802653,0.2124646515345049
0.12107065048241519,0.9817578772802653,0.21119471880568652
0.12169312169312169,0.9817578772802653,0.21111806687450993
0.1229380641145347,0.9817578772802653,0.21002664871198273
0.12418300653594772,0.9819421411461212,0.2100122368595503
0.12698412698412698,0.9819421411461212,0.20622422669890494
0.12698412698412698,0.9821264050119771,0.20605694184533282
0.1276065981948335,0.9821264050119771,0.20452679295896298
0.12822906940554,0.9821264050119771,0.2042875062421491
0.12885154061624648,0.9821264050119771,0.2035576883826553
0.12978524743230627,0.9821264050119771,0.20296805024379652
0.13040771864301276,0.9821264050119771,0.20274924384510165
0.13040771864301276,0.982310668877833,0.20272422868207737
0.13071895424836602,0.9824949327436889,0.20269469712379556
0.13196389666977903,0.9824949327436889,0.2025565673891199
0.13352007469654528,0.9824949327436889,0.1999374127524507
0.1341425459072518,0.9826791966095448,0.19918181208808464
0.13445378151260504,0.9826791966095448,0.1990878762286351
0.13507625272331156,0.9830477243412566,0.19896606845359371
0.13569872393401805,0.9830477243412566,0.19872385037879176
0.13569872393401805,0.9832319882071126,0.1986074807236594
0.1360099595393713,0.9832319882071126,0.19831814769425307
0.13694366635543107,0.9832319882071126,0.19821769020900476
0.1384998443821973,0.9832319882071126,0.1976228003412098
0.14098972922502334,0.9832319882071126,0.19597807789673402
0.14161220043572983,0.9832319882071126,0.1959694929285657
0.1419234360410831,0.9832319882071126,0.19587902934223195
0.14565826330532214,0.9837847798046803,0.19550788273221228
0.14596949891067537,0.9837847798046803,0.19541934822661952
0.14690320572673513,0.9837847798046803,0.1953878355150001
0.14752567693744165,0.9837847798046803,0.19535627901403654
0.14814814814814814,0.9837847798046803,0.1952015584635676
0.1484593837535014,0.9839690436705362,0.19501059519122202
0.14877061935885466,0.9839690436705362,0.1949974150548207
0.14939309056956115,0.9839690436705362,0.19446405755364107
0.15063803299097417,0.9839690436705362,0.1944007421437552
0.15094926859632743,0.9839690436705362,0.19408216011709895
0.15343915343915343,0.9841533075363921,0.19391201513384201
0.1537503890445067,0.984337571402248,0.19380047729720296
0.15468409586056645,0.984337571402248,0.19292474445013283
0.15592903828197946,0.984337571402248,0.19229077463990935
0.15779645191409897,0.9845218352681039,0.19207822609012076
0.15873015873015872,0.9845218352681039,0.19176545439496015
0.16339869281045752,0.9852588907315275,0.19170898966643113
0.16433239962651727,0.9852588907315275,0.1907360759750885
0.16495487083722377,0.9852588907315275,0.19039029502589
0.16526610644257703,0.9852588907315275,0.19033449810486203
0.1655773420479303,0.9854431545973834,0.1902347895796251
0.16651104886399004,0.9854431545973834,0.18928136495982656
0.1668222844693433,0.9856274184632393,0.18913831691424016
0.16837846249610955,0.9856274184632393,0.18834730877657915
0.16837846249610955,0.9858116823290952,0.1882247258149076
0.1686896981014628,0.9859959461949511,0.18805164315900028
0.16900093370681607,0.9859959461949511,0.1877897970662612
0.16962340491752256,0.9859959461949511,0.18751378095505147
0.16993464052287582,0.9859959461949511,0.1872584401673478
0.17086834733893558,0.9859959461949511,0.1872310947789852
0.17117958294428884,0.9859959461949511,0.18678370148253767
0.17117958294428884,0.986180210060807,0.18663046274579245
0.17149081854964207,0.986180210060807,0.18661554839974812
0.1721132897603486,0.986180210060807,0.18650280186187088
0.17242452536570183,0.9863644739266629,0.18646038807566037
0.17242452536570183,0.9865487377925188,0.18581835124185722
0.17304699657640835,0.9865487377925188,0.18541591045618083
0.17304699657640835,0.9867330016583747,0.184906601662055
0.17429193899782136,0.9867330016583747,0.18388970918294828
0.17491441020852785,0.9867330016583747,0.18369771270018814
0.17615935262994087,0.9867330016583747,0.18280706878457423
0.17678182384064736,0.9867330016583747,0.18265973331831548
0.1786492374727669,0.9869172655242306,0.18230701996625123
0.1792717086834734,0.9869172655242306,0.18205028769972115
0.1876750700280112,0.9878385848535103,0.18188237815996405
0.18798630563336446,0.9878385848535103,0.18184481189170518
0.1882975412387177,0.9880228487193662,0.18155811947860628
0.18892001244942422,0.9880228487193662,0.180901383673614
0.18923124805477748,0.9880228487193662,0.18062378432156984
0.18985371926548397,0.9880228487193662,0.1802029020290609
0.18985371926548397,0.9882071125852221,0.1801870225587426
0.19234360410831,0.9882071125852221,0.1790516245801066
0.194833488951136,0.988391376451078,0.17881972872643068
0.19545596016184252,0.988391376451078,0.17846676119729507
0.19545596016184252,0.9885756403169339,0.17836443348674266
0.19576719576719576,0.9885756403169339,0.17795128025453744
0.19638966697790228,0.9887599041827898,0.1779444429690805
0.19638966697790228,0.9889441680486457,0.17789438154007017
0.19701213818860877,0.9889441680486457,0.17788083237648442
0.19856831621537505,0.9889441680486457,0.17755819526196148
0.1995020230314348,0.9889441680486457,0.1772683318728125
0.20230314347961406,0.9889441680486457,0.17491483917973846
0.20230314347961406,0.9891284319145016,0.1749003550767154
0.20292561469032058,0.9891284319145016,0.17466634985256574
0.20385932150638034,0.9891284319145016,0.1745227909730803
0.20448179271708683,0.9891284319145016,0.17415035021770875
0.2047930283224401,0.9891284319145016,0.1739872488389317
0.2060379707438531,0.9891284319145016,0.17373367126365533
0.20634920634920634,0.9891284319145016,0.1735728412945907
0.2066604419545596,0.9894969596462134,0.17334259390453904
0.20728291316526612,0.9894969596462134,0.17333002079142742
0.20728291316526612,0.9896812235120693,0.17292855711656208
0.21008403361344538,0.9896812235120693,0.17203146858302057
0.21070650482415187,0.9898654873779252,0.17153928647370112
0.2113289760348584,0.9898654873779252,0.1713600109255252
0.21288515406162464,0.9898654873779252,0.1713094218516746
0.2138188608776844,0.9900497512437811,0.1696466787947476
0.2166199813258637,0.9900497512437811,0.16764986692488648
0.21724245253657018,0.9900497512437811,0.16750181117997492
0.21755368814192344,0.9900497512437811,0.16731403607967257
0.21817615935262993,0.9900497512437811,0.16668851635472035
0.21879863056333645,0.990418278975493,0.16666177462882883
0.2191098661686897,0.990418278975493,0.1666375629696306
0.2203548085901027,0.990418278975493,0.16635229463771992
0.22097727980080922,0.990418278975493,0.16635088732624892
0.22128851540616246,0.990418278975493,0.16607137907289693
0.2222222222222222,0.990418278975493,0.16582210735050906
0.22253345782757547,0.990418278975493,0.1657698317735222
0.22377840024898848,0.990418278975493,0.1653869579126883
0.22408963585434175,0.990418278975493,0.1652879068425214
0.22471210706504824,0.990418278975493,0.16516843023284628
0.2250233426704015,0.990418278975493,0.16500969004648225
0.2262682850918145,0.990418278975493,0.16467551958468002
0.2262682850918145,0.9906025428413489,0.16437077511798934
0.22657952069716775,0.9906025428413489,0.1643246013418839
0.22720199190787427,0.9906025428413489,0.16417141248078385
0.22844693432928728,0.9906025428413489,0.16373421534326701
0.22844693432928728,0.9907868067072048,0.1635592137477708
0.22906940553999378,0.9907868067072048,0.16342372830117352
0.23187052598817304,0.9907868067072048,0.16341394722670288
0.23249299719887956,0.9907868067072048,0.1633167495130659
0.2328042328042328,0.9907868067072048,0.1631812847246228
0.2334267040149393,0.9907868067072048,0.16311103479360456
0.23373793962029257,0.9907868067072048,0.16300711463795903
0.23373793962029257,0.9909710705730607,0.16300481826690336
0.23498288204170556,0.9909710705730607,0.16234593714043755
0.23498288204170556,0.9911553344389166,0.16230795822377414
0.23529411764705882,0.9911553344389166,0.16182107526341816
0.23529411764705882,0.9913395983047725,0.16157593932586187
0.23622782446311857,0.9913395983047725,0.1614588998943753
0.23778400248988485,0.9913395983047725,0.16060706738629452
0.23840647370059134,0.9913395983047725,0.16036021298389033
0.24089635854341737,0.9913395983047725,0.15981836819114914
0.24151882975412386,0.9913395983047725,0.15952262972821604
0.24183006535947713,0.9913395983047725,0.15950140422037404
0.24183006535947713,0.9915238621706284,0.15926405714129246
0.24245253657018362,0.9915238621706284,0.15891886901319754
0.24276377217553688,0.9915238621706284,0.1587623217812037
0.24276377217553688,0.9917081260364843,0.15855354274415404
0.24338624338624337,0.9917081260364843,0.15762114985901376
0.2440087145969499,0.9917081260364843,0.15690363283152223
0.2440087145969499,0.9918923899023402,0.1568985476980227
0.2452536570183629,0.9920766537681961,0.15670329633929386
0.2477435418611889,0.9920766537681961,0.15559433952892265
0.24898848428260192,0.992260917634052,0.15518169556750344
0.24992219109866168,0.992260917634052,0.1548960261295929
0.25023342670401494,0.992260917634052,0.15481115607789722
0.25085589791472146,0.992260917634052,0.15466501359272725
0.25272331154684097,0.992260917634052,0.15439650551452652
0.2533457827575475,0.992260917634052,0.15401474415174546
0.25396825396825395,0.992260917634052,0.1536180276756188
0.25396825396825395,0.9924451814999079,0.15361376186711026
0.255213196389667,0.9924451814999079,0.1535674129834223
0.25552443199502023,0.9924451814999079,0.15345407371695
0.25614690320572675,0.9924451814999079,0.1534431484542708
0.2567693744164332,0.9924451814999079,0.1528876860051103
0.25739184562713974,0.9924451814999079,0.15284596568935713
0.25770308123249297,0.9924451814999079,0.15278443352701887
0.2583255524431995,0.9924451814999079,0.15263876867170173
0.260192966075319,0.9924451814999079,0.1517642224845899
0.260192966075319,0.9926294453657638,0.15176242872294732
0.2605042016806723,0.9926294453657638,0.1514277852797763
0.26112667289137875,0.9926294453657638,0.15125693009636274
0.26299408652349826,0.9926294453657638,0.1503306815619037
0.26392779333955807,0.9926294453657638,0.1500740052801374
0.26517273576097106,0.9926294453657638,0.14931256473075546
0.26517273576097106,0.9929979730974756,0.14875312433145418
0.2657952069716776,0.9929979730974756,0.14842395544619122
0.2676626206037971,0.9931822369633315,0.14840628809924122
0.26859632741985684,0.9931822369633315,0.14797356402612338
0.26921879863056336,0.9931822369633315,0.1477208922261616
0.2698412698412698,0.9931822369633315,0.14715198156722356
0.27046374105197635,0.9931822369633315,0.1469107271996306
0.27108621226268287,0.9931822369633315,0.1468626501675005
0.27170868347338933,0.9931822369633315,0.14685855628356817
0.2720199190787426,0.9931822369633315,0.1467608626323566
0.2785558667911609,0.9931822369633315,0.14669434473117746
0.2785558667911609,0.9933665008291874,0.14665482067786592
0.2788671023965142,0.9933665008291874,0.14661851052176847
0.2804232804232804,0.9933665008291874,0.1464215914799612
0.28104575163398693,0.9933665008291874,0.14627041412221295
0.28166822284469345,0.9933665008291874,0.14615211119495666
0.28291316526610644,0.9933665008291874,0.14562794824736675
0.2838468720821662,0.9933665008291874,0.14550461351291596
0.2841581076875195,0.9933665008291874,0.14546279063018716
0.28509181450357923,0.9933665008291874,0.1454521212314035
0.2857142857142857,0.9933665008291874,0.1450314128741193
0.28695922813569874,0.9933665008291874,0.14472472428884406
0.2875816993464052,0.9933665008291874,0.1443493252399923
0.2878929349517585,0.9933665008291874,0.14434364900748287
0.28882664176781825,0.9933665008291874,0.14425240597140254
0.28944911297852477,0.9933665008291874,0.14418274388100427
0.29007158418923124,0.9933665008291874,0.14374307475446516
0.291005291005291,0.9933665008291874,0.14350567438269918
0.2928727046374105,0.9933665008291874,0.14255690965273463
0.293495175848117,0.9933665008291874,0.14235382540378333
0.293495175848117,0.9935507646950433,0.142032024680018
0.29411764705882354,0.9935507646950433,0.1414559316400754
0.29660753190164957,0.9935507646950433,0.1413671997498706
0.29723000311235603,0.9935507646950433,0.14078496359320186
0.3034547152194211,0.994103556292611,0.14063294913013558
0.3040771864301276,0.994103556292611,0.14036891761244472
0.3046996576408341,0.994103556292611,0.1401538519371839
0.3062558356676004,0.994103556292611,0.13907159986103484
0.30687830687830686,0.994103556292611,0.13889294850785597
0.3075007780890134,0.994103556292611,0.13799220904990317
0.3081232492997199,0.994103556292611,0.13778965421146908
0.30843448490507314,0.994103556292611,0.13771816335733109
0.30905695611577966,0.994103556292611,0.13727063381608107
0.3099906629318394,0.994103556292611,0.13697621293542994
0.31092436974789917,0.994287820158467,0.13693202131120738
0.3112356053532524,0.994287820158467,0.13667451212561874
0.3112356053532524,0.9944720840243229,0.13658431158717294
0.3115468409586057,0.9944720840243229,0.1362741348678359
0.3127917833800187,0.9944720840243229,0.13627351418770123
0.3131030189853719,0.9946563478901788,0.1360921379610692
0.3134142545907252,0.9946563478901788,0.1359689370097938
0.3134142545907252,0.9948406117560347,0.13588957821089842
0.31403672580143166,0.9948406117560347,0.13556181272342024
0.3149704326174914,0.9948406117560347,0.13493274287302637
0.3152816682228447,0.9948406117560347,0.13492884475752845
0.3152816682228447,0.9950248756218906,0.13474067893649244
0.31559290382819793,0.9950248756218906,0.13465508435305387
0.3159041394335512,0.9952091394877465,0.13433279753039784
0.316837846249611,0.9952091394877465,0.1338258585381035
0.3171490818549642,0.9953934033536024,0.13314561286715035
0.31777155306567073,0.9953934033536024,0.13287950079087466
0.3187052598817305,0.9953934033536024,0.13264818927677022
0.3211951447245565,0.9955776672194583,0.13261201356500185
0.32212885154061627,0.9955776672194583,0.13190618947182572
0.32275132275132273,0.9955776672194583,0.13189597064316227
0.32555244319950205,0.9955776672194583,0.13187376574247164
0.3264861500155618,0.9955776672194583,0.13138359360999338
0.32710862122626827,0.9955776672194583,0.13132101365503537
0.32741985683162156,0.9955776672194583,0.1309593115152018
0.328042328042328,0.9955776672194583,0.13005971823366608
0.3283535636476813,0.9955776672194583,0.1299648288422157
0.3289760348583878,0.9955776672194583,0.12994744502723954
0.33053221288515405,0.9955776672194583,0.1290310491920251
0.3317771553065671,0.9955776672194583,0.12894029309278182
0.33239962651727356,0.9955776672194583,0.1285885066345361
0.33426704014939307,0.9955776672194583,0.12779000753096692
0.3348895113600996,0.9955776672194583,0.12745610591209275
0.3355119825708061,0.9955776672194583,0.12745179264020812
0.3370681605975724,0.9955776672194583,0.12732287179383975
0.33769063180827885,0.9955776672194583,0.12692009826105188
0.3383131030189854,0.9955776672194583,0.12687328868988468
0.34111422346716463,0.9955776672194583,0.1256659183719859
0.34173669467787116,0.9955776672194583,0.12511093313644694
0.3423591658885777,0.9955776672194583,0.12456429128923563
0.34298163709928414,0.9955776672194583,0.12442859611164069
0.3445378151260504,0.9955776672194583,0.12365527917444741
0.34547152194211017,0.9955776672194583,0.12357103279954842
0.3460939931528167,0.9955776672194583,0.1230107296161639
0.3467164643635232,0.9955776672194583,0.12283069453854996
0.34702769996887645,0.9955776672194583,0.12273627571608196
0.34765017117958297,0.9955776672194583,0.12263800941797084
0.3485838779956427,0.9955776672194583,0.12255426422591818
0.34889511360099595,0.9955776672194583,0.12236934178683534
0.34889511360099595,0.9957619310853142,0.12231375067715561
0.3492063492063492,0.9957619310853142,0.1217565278459141
0.35014005602240894,0.9957619310853142,0.12167453537990337
0.35076252723311546,0.9957619310853142,0.1206695957355713
0.356364768129474,0.9963147226828819,0.12004216604641506
0.3566760037348273,0.9963147226828819,0.11998206699430815
0.3572984749455338,0.9963147226828819,0.11992830269608204
0.3591658885776533,0.9963147226828819,0.11857674273581595
0.3604108309990663,0.9963147226828819,0.1183852264116208
0.3610333022097728,0.9963147226828819,0.1180308396005739
0.3616557734204793,0.9963147226828819,0.11790876181704354
0.3625894802365391,0.9963147226828819,0.11770124897815568
0.36321195144724555,0.9963147226828819,0.11767190132593107
0.36321195144724555,0.9964989865487378,0.11746681478489056
0.3638344226579521,0.9964989865487378,0.11715909911717198
0.3644568938686586,0.9964989865487378,0.1171581923720293
0.3657018362900716,0.9964989865487378,0.11653373006688049
0.36694677871148457,0.9964989865487378,0.11646071045196274
0.36725801431683786,0.9964989865487378,0.11606258443446926
0.3678804855275444,0.9964989865487378,0.11593630131546707
0.36850295673825084,0.9964989865487378,0.1158148681391153
0.36912542794895736,0.9964989865487378,0.11574812936833677
0.37037037037037035,0.9966832504145937,0.11547935428912574
0.37068160597572364,0.9966832504145937,0.11515056453567143
0.3713040771864301,0.9966832504145937,0.11506168172034395
0.3728602552131964,0.9966832504145937,0.1143485118814027
0.3734827264239029,0.9966832504145937,0.114279554122274
0.37379396202925613,0.9966832504145937,0.11420504480737537
0.37441643323996265,0.9966832504145937,0.11390199569657448
0.3747276688453159,0.9966832504145937,0.11368209125473645
0.3806411453470277,0.9970517781463055,0.11354230335536429
0.3831310301898537,0.9970517781463055,0.11335751879274365
0.38499844382197324,0.9970517781463055,0.11233400009401959
0.38562091503267976,0.9970517781463055,0.1119831475439436
0.3865546218487395,0.9970517781463055,0.11191543596443389
0.3865546218487395,0.9972360420121614,0.11170903154251341
0.3902894491129785,0.9972360420121614,0.11062244000158401
0.3930905695611578,0.9972360420121614,0.10964770118588385
0.3937130407718643,0.9972360420121614,0.10959390119255401
0.3952692187986306,0.9972360420121614,0.10841663209560722
0.39620292561469034,0.9972360420121614,0.10813615638165928
0.3971366324307501,0.9972360420121614,0.10776602898831601
0.39807033924680985,0.9972360420121614,0.10737871814415362
0.4002489884842826,0.9972360420121614,0.10684285012853437
0.40149393090569563,0.9972360420121614,0.10656040165491007
0.4021164021164021,0.9972360420121614,0.10640598372203076
0.40522875816993464,0.9972360420121614,0.10638729636116034
0.4055399937752879,0.9972360420121614,0.105934391256729
0.4102085278555867,0.9972360420121614,0.1056403095999773
0.41083099906629317,0.9972360420121614,0.10495290259721997
0.4114534702769997,0.9972360420121614,0.10486729018660533
0.41456582633053224,0.9972360420121614,0.10276639298277229
0.4151882975412387,0.9972360420121614,0.10262955588749892
0.41643323996265175,0.9972360420121614,0.10182998959968802
0.41798941798941797,0.9972360420121614,0.10168069301229055
0.4189231248054777,0.9972360420121614,0.10163574366824632
0.420479302832244,0.9972360420121614,0.10056043116228747
0.4207905384375973,0.9974203058780173,0.10047073699907322
0.42359165888577655,0.9974203058780173,0.09820762499662916
0.42483660130718953,0.9974203058780173,0.0981150909670411
0.42545907251789605,0.9974203058780173,0.09789608425037573
0.4260815437286026,0.9974203058780173,0.09785800567792324
0.4260815437286026,0.9976045697438732,0.0972789482879928
0.42732648615001556,0.9976045697438732,0.09701127873234945
0.4276377217553688,0.9976045697438732,0.09696214983229708
0.42857142857142855,0.9976045697438732,0.0968646349659147
0.42919389978213507,0.9976045697438732,0.0966765036503168
0.42919389978213507,0.9977888336097291,0.09657019682074462
0.4295051353874883,0.9977888336097291,0.09629429863997563
0.4304388422035481,0.9977888336097291,0.09561190960300962
0.4310613134142546,0.9977888336097291,0.0952469692043448
0.4316837846249611,0.9977888336097291,0.09514934933556798
0.43199502023031433,0.9977888336097291,0.09512598950264191
0.4332399626517274,0.9977888336097291,0.09482221308834557
0.43448490507314036,0.9977888336097291,0.093824125349278
0.43448490507314036,0.997973097475585,0.09348819707161299
0.4372860255213196,0.997973097475585,0.09215772590443014
0.43790849673202614,0.997973097475585,0.09178937737953922
0.43977591036414565,0.997973097475585,0.09051759345618654
0.4407096171802054,0.997973097475585,0.09046869033803874
0.4422657952069717,0.997973097475585,0.08894200847064468
0.4444444444444444,0.997973097475585,0.08876991723663462
0.44537815126050423,0.997973097475585,0.08873738142857665
0.44724556489262374,0.997973097475585,0.08863256236439737
0.44755680049797697,0.997973097475585,0.08859368271132699
0.44880174291938996,0.997973097475585,0.08854790660126041
0.4494242141300965,0.997973097475585,0.08789176275165189
0.450046685340803,0.997973097475585,0.08751377357277577
0.45098039215686275,0.997973097475585,0.08702041873896986
0.4516028633675693,0.997973097475585,0.08674222629239792
0.452536570183629,0.997973097475585,0.08672739807623477
0.452536570183629,0.998157361341441,0.08661347309035518
0.45284780578898226,0.998157361341441,0.08590280244021135
0.4534702769996888,0.998157361341441,0.08582146245252999
0.453781512605042,0.998157361341441,0.08572218441397632
0.455026455026455,0.998157361341441,0.08550977404460039
0.4559601618425148,0.998157361341441,0.0849411458241105
0.4565826330532213,0.998157361341441,0.08368657597291866
0.4612511671335201,0.998157361341441,0.08146500230520351
0.46218487394957986,0.998157361341441,0.08146328808834923
0.4643635231870526,0.998157361341441,0.08000997674080565
0.46529723000311235,0.998157361341441,0.0797186252105799
0.46591970121381887,0.998157361341441,0.07967029568293305
0.46903205726735137,0.998157361341441,0.07958575585156044
0.46934329287270465,0.998157361341441,0.07954133953849073
0.4702769996887644,0.998157361341441,0.07938560749051286
0.4718331777155307,0.998157361341441,0.0779522982227247
0.4755680049797697,0.998157361341441,0.07768003689070928
0.47650171179582945,0.998157361341441,0.07745471275802976
0.47774665421724244,0.998157361341441,0.07719647297279957
0.47836912542794896,0.998157361341441,0.07671160876455461
0.47961406784936195,0.998157361341441,0.07648766225262639
0.480859010270775,0.998157361341441,0.07583876126004352
0.49859943977591037,0.9985258890731528,0.07578721161189378
0.4995331465919701,0.9985258890731528,0.07534328322903534
0.5023342670401494,0.9985258890731528,0.07514037242523917
0.5026455026455027,0.9985258890731528,0.07507880352119756
0.5032679738562091,0.9985258890731528,0.0749889698025552
0.5035792094615624,0.9985258890731528,0.07497687017699525
0.5035792094615624,0.9987101529390087,0.074803420250603
0.5045129162776222,0.9987101529390087,0.07454869470623188
0.5051353874883286,0.9987101529390087,0.07392648559787077
0.5054466230936819,0.9987101529390087,0.0738568481945959
0.5060690943043884,0.9987101529390087,0.07369595885825844
0.5079365079365079,0.9987101529390087,0.07303095520799012
0.5088702147525677,0.9987101529390087,0.07302065498053287
0.5094926859632742,0.9987101529390087,0.07299265025646368
0.5135387488328664,0.9987101529390087,0.07090474011122432
0.544973544973545,0.9996314722682882,0.0703043981544872
0.5455960161842515,0.9996314722682882,0.0702935526934439
0.5465297230003112,0.9996314722682882,0.0701766893307013
0.548708372237784,0.9996314722682882,0.06883570747768424
0.5493308434484905,0.9996314722682882,0.0687430089620016
0.5496420790538438,0.9996314722682882,0.06869449187709067
0.5686274509803921,0.9996314722682882,0.06865421440242486
0.5695611577964519,0.9996314722682882,0.06851491275519907
0.5701836290071585,0.9996314722682882,0.06811620894138123
0.5708061002178649,0.9996314722682882,0.06808567331411494
0.5717398070339247,0.9996314722682882,0.06706239501082478
0.5748521630874572,0.9996314722682882,0.06656937682278895
0.5760971055088702,0.9996314722682882,0.06598548236852973
0.5779645191409897,0.9996314722682882,0.06564120603444534
0.579520697167756,0.9996314722682882,0.06431914007852726
0.5804544039838158,0.9996314722682882,0.06386747948366395
0.5810768751945222,0.9996314722682882,0.06369569881520251
0.5816993464052288,0.9996314722682882,0.0635634422601049
0.5823218176159353,0.9996314722682882,0.06351758479415265
0.583255524431995,0.9996314722682882,0.06323441938638631
0.5838779956427015,0.9996314722682882,0.06313175164302144
0.5848117024587612,0.9996314722682882,0.06291514537961884
0.5854341736694678,0.9996314722682882,0.06274552572717172
0.586990351696234,0.9996314722682882,0.061771463194547814
0.5882352941176471,0.9996314722682882,0.0617167756551172
0.590725178960473,0.9996314722682882,0.06018094649004834
0.5916588857765328,0.9996314722682882,0.060129183926366896
0.5922813569872394,0.9996314722682882,0.05952661054511468
0.5938375350140056,0.9996314722682882,0.056970195499490055
0.5944600062247121,0.9996314722682882,0.05691407090193961
0.5953937130407718,0.9996314722682882,0.0563176800298427
0.5960161842514784,0.9996314722682882,0.05586198148488078
0.5972611266728913,0.9996314722682882,0.054932933827292106
0.5978835978835979,0.9996314722682882,0.054730228267168536
0.6013071895424836,0.9996314722682882,0.052035377680044924
0.6025521319638967,0.9996314722682882,0.05150359477135611
0.6034858387799564,0.9996314722682882,0.05116513422773455
0.6047307812013695,0.9996314722682882,0.05068723194226918
0.6072206660441954,0.9996314722682882,0.04921413038668175
0.6078431372549019,0.9998157361341441,0.048768845236682984
0.6084656084656085,0.9998157361341441,0.048058424276794416
0.6093993152816682,0.9998157361341441,0.04805060401486057
0.6100217864923747,0.9998157361341441,0.04732312673436632
0.6112667289137877,0.9998157361341441,0.04682332635796937
0.6122004357298475,0.9998157361341441,0.046562120151883005
0.6134453781512605,0.9998157361341441,0.046242668234110273
0.6137566137566137,0.9998157361341441,0.04608993141590436
0.6143790849673203,0.9998157361341441,0.046032492204650055
0.6146903205726735,0.9998157361341441,0.04591717571858542
0.61531279178338,0.9998157361341441,0.045458844181823124
0.6159352629940865,0.9998157361341441,0.04514519245937756
0.616557734204793,0.9998157361341441,0.044869604562787505
0.6168689698101463,0.9998157361341441,0.044378127605444184
0.6174914410208527,0.9998157361341441,0.04424701565533192
0.6181139122315593,0.9998157361341441,0.04370088817925752
0.6199813258636788,0.9998157361341441,0.043242801736138564
0.6199813258636788,1.0,0.04295155861342845
0.6202925614690321,1.0,0.042804000503242935
0.6209150326797386,1.0,0.04260305154808536
0.6212262682850919,1.0,0.04197047986039763
0.6240273887332711,1.0,0.04180652204383115
0.6243386243386243,1.0,0.041622002901479334
0.6249610955493309,1.0,0.0412893165374623
0.6252723311546841,1.0,0.0412625031455238
0.6262060379707438,1.0,0.04010150596380474
0.6271397447868036,1.0,0.03856599850638817
0.6277622159975101,1.0,0.038444493420199836
0.6293183940242764,1.0,0.0381742083178035
0.6305633364456894,1.0,0.03770150705002664
0.6311858076563959,1.0,0.037258190081739306
0.633675692499222,1.0,0.036421903760962666
0.6342981637099284,1.0,0.035041518088597054
0.6352318705259882,1.0,0.03418088214942576
0.6358543417366946,1.0,0.034147857887496254
0.6361655773420479,1.0,0.033818393806341586
0.6383442265795207,1.0,0.03374721483599452
0.6389666977902272,1.0,0.033281755599162896
0.6402116402116402,1.0,0.03305666510273614
0.6420790538437597,1.0,0.032403096770317164
0.642390289449113,1.0,0.03239637622321805
0.6430127606598195,1.0,0.03233886332559133
0.6433239962651728,1.0,0.0320698716014793
0.6442577030812325,1.0,0.03173217765473069
0.644880174291939,1.0,0.03160936945099324
0.6458138811079988,1.0,0.031269082319710685
0.656084656084656,1.0,0.03124606966081669
0.6563958916900093,1.0,0.0309864562151724
0.6573295985060691,1.0,0.030814007406389673
0.6576408341114224,1.0,0.030770703608984085
0.6582633053221288,1.0,0.030684366420138613
0.6585745409274821,1.0,0.030665712113874505
0.6623093681917211,1.0,0.030562958168710012
0.6629318394024276,1.0,0.030406308096941552
0.6635543106131342,1.0,0.030047173458517096
0.6654217242452537,1.0,0.02971906955529925
0.6657329598506069,1.0,0.029367806163732527
0.6663554310613135,1.0,0.029248704213925704
0.6669779022720199,1.0,0.028792726085718943
0.668222844693433,1.0,0.028681541769219214
0.6685340802987861,1.0,0.02839018106532296
0.6707127295362589,1.0,0.028147532986398924
0.6710239651416122,1.0,0.02813785657552963
0.6716464363523187,1.0,0.02811195981127351
0.6725801431683784,1.0,0.02794907923216134
0.673202614379085,1.0,0.02781631910618899
0.6741363211951448,1.0,0.02750043501801892
0.674447556800498,1.0,0.02748475316736442
0.6753812636165577,1.0,0.027183035300177964
0.675692499221911,1.0,0.02684963508401516
0.6788048552754435,1.0,0.02680560101151141
0.680672268907563,1.0,0.026508834223002355
0.6812947401182695,1.0,0.026268067017807987
0.6822284469343293,1.0,0.025981885856162294
0.6828509181450358,1.0,0.025417900777361512
0.6837846249610956,1.0,0.024497169090524205
0.6840958605664488,1.0,0.024233014718562627
0.6853408029878618,1.0,0.023508470717666954
0.6862745098039216,1.0,0.023490053602295675
0.6865857454092749,1.0,0.022999479579840127
0.6875194522253346,1.0,0.02263405320737785
0.6890756302521008,1.0,0.020977894712331874
0.6900093370681606,1.0,0.020684837511947954
0.690631808278867,1.0,0.020575877520985338
0.6909430438842203,1.0,0.020398157329958075
0.6915655150949268,1.0,0.019331874301248348
0.6918767507002801,1.0,0.019055649761608867
0.6928104575163399,1.0,0.018890061843604197
0.6931216931216931,1.0,0.018300673803238514
0.6940553999377529,1.0,0.01824105130259536
0.6974789915966386,1.0,0.01782371551504504
0.6981014628073452,1.0,0.01703524931318084
0.6984126984126984,1.0,0.016961659442531387
0.699035169623405,1.0,0.01692065333001025
0.7002801120448179,1.0,0.01657310064880025
0.7018362900715842,1.0,0.016540296700523562
0.7021475256769374,1.0,0.016533018108359176
0.7105508870214753,1.0,0.016455121921143047
0.7121070650482415,1.0,0.016219748422715854
0.7124183006535948,1.0,0.016090874730341882
0.7559912854030502,1.0,0.01607797713717635
0.7566137566137566,1.0,0.01540346556654046
0.7578586990351697,1.0,0.015050055494988217
0.7609710550887021,1.0,0.014989316000914736
0.7724867724867724,1.0,0.014972437928105882
0.7790227201991908,1.0,0.014645266650387628
0.8141923436041083,1.0,0.014628770226057238
0.8145035792094616,1.0,0.014493519893116412
0.8151260504201681,1.0,0.014429842648789482
0.8166822284469343,1.0,0.013636876788001778
0.8238406473700591,1.0,0.01332345004985657
0.8241518829754124,1.0,0.012891300874338235
0.8253968253968254,1.0,0.012673769956138501
0.8263305322128851,1.0,0.012033760806370825
0.8281979458450047,1.0,0.011854886866252617
0.8288204170557112,1.0,0.011773326220740942
0.8291316526610645,1.0,0.011752125315230915
0.840958605664488,1.0,0.011695005233166458
0.8418923124805477,1.0,0.011687725695241572
0.8471833177715531,1.0,0.011581936043714103
0.848428260192966,1.0,0.011505048278432827
0.8487394957983193,1.0,0.01142913580177427
0.8870214752567693,1.0,0.011425693013558556
0.8876439464674759,1.0,0.011333403961289611
0.8885776532835357,1.0,0.011323146282771632
0.8901338313103019,1.0,0.010834756218482105
0.8916900093370682,1.0,0.01064998524336732
0.8920012449424214,1.0,0.010564812846401412
0.892623716153128,1.0,0.010455535605767308
0.8994708994708994,1.0,0.010404484368311002
0.8997821350762527,1.0,0.010258814312457528
0.901338313103019,1.0,0.010242041330919027
0.9016495487083722,1.0,0.010036540548616444
0.9022720199190788,1.0,0.010022239269629162
0.9028944911297853,1.0,0.009834929488797788
0.9041394335511983,1.0,0.009580921041110486
0.905073140367258,1.0,0.009453370156178843
0.9056956115779645,1.0,0.009316436768036122
0.9131652661064426,1.0,0.009303151937501716
0.9144102085278556,1.0,0.009227028101426187
0.9147214441332089,1.0,0.00912838323990619
0.9159663865546218,1.0,0.009101393734392036
0.9253034547152195,1.0,0.009088412732702692
0.9259259259259259,1.0,0.009044043742156305
0.9277933395580454,1.0,0.009035042460730437
0.9281045751633987,1.0,0.009014030031045379
0.9293495175848117,1.0,0.008979599232414742
0.9299719887955182,1.0,0.008826436733528096
0.9305944600062247,1.0,0.008824112929516473
0.9315281668222845,1.0,0.00879727051748206
0.9330843448490508,1.0,0.008594106981621562
0.9337068160597572,1.0,0.00850628067255488
0.9340180516651105,1.0,0.008470858883790169
0.9352629940865235,1.0,0.008309780897182394
0.9361967009025832,1.0,0.00790202589021634
0.9368191721132898,1.0,0.007852037057007183
0.9374416433239963,1.0,0.007624272311463257
0.9511360099595394,1.0,0.0075864872410522895
0.9526921879863056,1.0,0.007333935145809809
0.9536258948023654,1.0,0.0071643215112416605
0.9548708372237784,1.0,0.006983852042439154
0.9564270152505446,1.0,0.006975434115133978
0.9570494864612512,1.0,0.006801761349528483
0.9573607220666044,1.0,0.0067227627986739666
0.9592281356987239,1.0,0.006622369095725978
0.9595393713040772,1.0,0.006585573569122382
0.9614067849361967,1.0,0.006433155303228373
0.9620292561469032,1.0,0.006222869634786783
0.9632741985683162,1.0,0.005876950372976402
0.9638966697790228,1.0,0.005824005733333416
0.9670090258325552,1.0,0.005725245218556687
0.970432617491441,1.0,0.005689112455302666
0.9707438530967942,1.0,0.005678042386888083
0.9751011515717398,1.0,0.005592626524038727
0.9757236227824463,1.0,0.005541393190419717
0.9760348583877996,1.0,0.005511052418019852
0.976657329598506,1.0,0.0053833683888586505
0.9772798008092126,1.0,0.0050769129589199385
0.9791472144413321,1.0,0.005003691641223472
0.9803921568627451,1.0,0.004972105326741911
0.9866168689698102,1.0,0.004898322491666594
0.9875505757858699,1.0,0.004887704738858688
0.9891067538126361,1.0,0.004856847029578108
0.9897292250233427,1.0,0.004551907828843953
0.9906629318394025,1.0,0.004514136100929048
0.9968876439464674,1.0,0.004446346596955873
0.9996887643946467,1.0,0.004409446935964025
1.0,1.0,0.004262630563587066
